iter	MultiClass
0	2.181093935
1	1.939469004
2	1.76558893
3	1.639518016
4	1.527273197
5	1.442320319
6	1.374327814
7	1.307059269
8	1.241554781
9	1.191484813
10	1.14422701
11	1.103590474
12	1.065614671
13	1.0342325
14	1.002709857
15	0.9756063053
16	0.9514751382
17	0.9247629831
18	0.9056281194
19	0.8903499021
20	0.8737436779
