iter	MultiClass
0	2.467629397
1	1.765148935
2	1.662701331
3	1.580474323
4	1.518391288
